case_id,source_script,parameter_record,Rf_ohm,Cf_F,Cpd_F,A0,ft_Hz,fc_ideal_Hz,capacitive_noise_gain,gbw_margin_index,bandwidth_Hz,peaking_dB,effective_noise_bandwidth_approx_Hz,total_integrated_output_noise_V_rms,feedback_resistor_integrated_output_noise_V_rms,opamp_voltage_integrated_output_noise_V_rms,opamp_current_integrated_output_noise_V_rms,photodiode_shot_integrated_output_noise_V_rms,input_referred_current_noise_density_at_reference_frequency_A_per_sqrtHz,temperature_K,opamp_voltage_noise_V_per_sqrtHz,opamp_current_noise_A_per_sqrtHz,photodiode_shot_noise_enabled,photodiode_dc_current_A,model_scope
Cf_noise_bandwidth_sweep,tia_extension/scripts/run_08_noise_bandwidth_tradeoff.m,"Rf=100000 ohm; Cpd=5e-12 F; A0=100000; ft=1e+08 Hz; Cf=logspace(log10(0.2e-12),log10(47e-12),48) F; temperature=300 K; en=3e-09 V/sqrtHz; in=4e-13 A/sqrtHz; photodiode_shot_enabled=1; photodiode_dc_current=1e-09 A; frequency_grid=[1, 1e+09] Hz; ENBW_approx=(pi/2)*bandwidth",100000,2e-13,5e-12,100000,100000000,7957747.15459477,26,0.483321946706122,7724320.59326642,3.14990356103213,12133334.4148891,0.000267937730643419,0.000138486795674317,0.000184536205470921,0.000136093095866089,6.09040673375819e-06,5.71750229500844e-13,300,3e-09,4e-13,1,1e-09,first-pass MATLAB behavioural noise estimate; not measured or experimentally validated
Cf_noise_bandwidth_sweep,tia_extension/scripts/run_08_noise_bandwidth_tradeoff.m,"Rf=100000 ohm; Cpd=5e-12 F; A0=100000; ft=1e+08 Hz; Cf=logspace(log10(0.2e-12),log10(47e-12),48) F; temperature=300 K; en=3e-09 V/sqrtHz; in=4e-13 A/sqrtHz; photodiode_shot_enabled=1; photodiode_dc_current=1e-09 A; frequency_grid=[1, 1e+09] Hz; ENBW_approx=(pi/2)*bandwidth",100000,2.24635426292719e-13,5e-12,100000,100000000,7085033.10090115,23.2582879402316,0.606848626855714,7498197.579935,2.40318037948345,11778141.2161443,0.000254116957102483,0.000131205454173818,0.000175220873065777,0.000128937610016077,5.77018608680408e-06,5.71750229580641e-13,300,3e-09,4e-13,1,1e-09,first-pass MATLAB behavioural noise estimate; not measured or experimentally validated
Cf_noise_bandwidth_sweep,tia_extension/scripts/run_08_noise_bandwidth_tradeoff.m,"Rf=100000 ohm; Cpd=5e-12 F; A0=100000; ft=1e+08 Hz; Cf=logspace(log10(0.2e-12),log10(47e-12),48) F; temperature=300 K; en=3e-09 V/sqrtHz; in=4e-13 A/sqrtHz; photodiode_shot_enabled=1; photodiode_dc_current=1e-09 A; frequency_grid=[1, 1e+09] Hz; ENBW_approx=(pi/2)*bandwidth",100000,2.52305373728558e-13,5e-12,100000,100000000,6308028.27303718,20.8172552812103,0.761522782767912,7220035.41018869,1.70277725677203,11341205.1016535,0.000240938843803177,0.000124254966354835,0.000166349590079962,0.000122107259147901,5.46451580531968e-06,5.71750229670717e-13,300,3e-09,4e-13,1,1e-09,first-pass MATLAB behavioural noise estimate; not measured or experimentally validated
Cf_noise_bandwidth_sweep,tia_extension/scripts/run_08_noise_bandwidth_tradeoff.m,"Rf=100000 ohm; Cpd=5e-12 F; A0=100000; ft=1e+08 Hz; Cf=logspace(log10(0.2e-12),log10(47e-12),48) F; temperature=300 K; en=3e-09 V/sqrtHz; in=4e-13 A/sqrtHz; photodiode_shot_enabled=1; photodiode_dc_current=1e-09 A; frequency_grid=[1, 1e+09] Hz; ENBW_approx=(pi/2)*bandwidth",100000,2.83383625917293e-13,5e-12,100000,100000000,5616236.3854553,18.6439269693701,0.955030470557014,6878994.06104533,1.06919010457073,10805498.6031339,0.000228390180441503,0.000117628214122741,0.000157913589692822,0.000115595048200916,5.17308284796969e-06,5.71750229772455e-13,300,3e-09,4e-13,1,1e-09,first-pass MATLAB behavioural noise estimate; not measured or experimentally validated
Cf_noise_bandwidth_sweep,tia_extension/scripts/run_08_noise_bandwidth_tradeoff.m,"Rf=100000 ohm; Cpd=5e-12 F; A0=100000; ft=1e+08 Hz; Cf=logspace(log10(0.2e-12),log10(47e-12),48) F; temperature=300 K; en=3e-09 V/sqrtHz; in=4e-13 A/sqrtHz; photodiode_shot_enabled=1; photodiode_dc_current=1e-09 A; frequency_grid=[1, 1e+09] Hz; ENBW_approx=(pi/2)*bandwidth",100000,3.18290008061537e-13,5e-12,100000,100000000,5000312.26431478,16.7089442752262,1.19688896505536,6464031.79609978,0.533535895294037,10153677.401599,0.000216455560595047,0.000111316924240923,0.000149902604979379,0.000109392846938747,4.89552337229721e-06,5.71750229887442e-13,300,3e-09,4e-13,1,1e-09,first-pass MATLAB behavioural noise estimate; not measured or experimentally validated
Cf_noise_bandwidth_sweep,tia_extension/scripts/run_08_noise_bandwidth_tradeoff.m,"Rf=100000 ohm; Cpd=5e-12 F; A0=100000; ft=1e+08 Hz; Cf=logspace(log10(0.2e-12),log10(47e-12),48) F; temperature=300 K; en=3e-09 V/sqrtHz; in=4e-13 A/sqrtHz; photodiode_shot_enabled=1; photodiode_dc_current=1e-09 A; frequency_grid=[1, 1e+09] Hz; ENBW_approx=(pi/2)*bandwidth",100000,3.57496058228082e-13,5e-12,100000,100000000,4451935.60680758,14.9861681966015,1.49885811433952,5967029.56704893,0.146504699814788,9372988.12579699,0.000205117857089671,0.000105311916494651,0.000142305189969083,0.00010349163382373,4.6314336485363e-06,5.71750230017494e-13,300,3e-09,4e-13,1,1e-09,first-pass MATLAB behavioural noise estimate; not measured or experimentally validated
Cf_noise_bandwidth_sweep,tia_extension/scripts/run_08_noise_bandwidth_tradeoff.m,"Rf=100000 ohm; Cpd=5e-12 F; A0=100000; ft=1e+08 Hz; Cf=logspace(log10(0.2e-12),log10(47e-12),48) F; temperature=300 K; en=3e-09 V/sqrtHz; in=4e-13 A/sqrtHz; photodiode_shot_enabled=1; photodiode_dc_current=1e-09 A; frequency_grid=[1, 1e+09] Hz; ENBW_approx=(pi/2)*bandwidth",100000,4.01531397190159e-13,5e-12,100000,100000000,3963698.58510771,13.4523263560186,1.87543485671364,5390856.41422609,3.85730986621315e-15,8467937.45374504,0.000194358641755255,9.96033229896895e-05,0.000135109002279428,9.78817115250126e-05,4.38037970398067e-06,5.71750230164705e-13,300,3e-09,4e-13,1,1e-09,first-pass MATLAB behavioural noise estimate; not measured or experimentally validated
Cf_noise_bandwidth_sweep,tia_extension/scripts/run_08_noise_bandwidth_tradeoff.m,"Rf=100000 ohm; Cpd=5e-12 F; A0=100000; ft=1e+08 Hz; Cf=logspace(log10(0.2e-12),log10(47e-12),48) F; temperature=300 K; en=3e-09 V/sqrtHz; in=4e-13 A/sqrtHz; photodiode_shot_enabled=1; photodiode_dc_current=1e-09 A; frequency_grid=[1, 1e+09] Hz; ENBW_approx=(pi/2)*bandwidth",100000,4.50990882888614e-13,5e-12,100000,100000000,3529005.77662462,12.0866986223198,2.34444439923812,4759098.73686421,3.85730986621314e-14,7475574.81472053,0.000184158551538031,9.41807796374822e-05,0.000128301048623893,9.25528950939829e-05,4.14190574416688e-06,5.71750230331486e-13,300,3e-09,4e-13,1,1e-09,first-pass MATLAB behavioural noise estimate; not measured or experimentally validated
Cf_noise_bandwidth_sweep,tia_extension/scripts/run_08_noise_bandwidth_tradeoff.m,"Rf=100000 ohm; Cpd=5e-12 F; A0=100000; ft=1e+08 Hz; Cf=logspace(log10(0.2e-12),log10(47e-12),48) F; temperature=300 K; en=3e-09 V/sqrtHz; in=4e-13 A/sqrtHz; photodiode_shot_enabled=1; photodiode_dc_current=1e-09 A; frequency_grid=[1, 1e+09] Hz; ENBW_approx=(pi/2)*bandwidth",100000,5.06542646159067e-13,5e-12,100000,100000000,3141985.06875405,10.8708372096865,2.92774259278811,4120160.12972238,8.29321621235823e-14,6471932.39757471,0.000174497604038091,8.90335914562667e-05,0.00012186789525139,8.74946744082047e-05,3.91554142252773e-06,5.71750230520623e-13,300,3e-09,4e-13,1,1e-09,first-pass MATLAB behavioural noise estimate; not measured or experimentally validated
Cf_noise_bandwidth_sweep,tia_extension/scripts/run_08_noise_bandwidth_tradeoff.m,"Rf=100000 ohm; Cpd=5e-12 F; A0=100000; ft=1e+08 Hz; Cf=logspace(log10(0.2e-12),log10(47e-12),48) F; temperature=300 K; en=3e-09 V/sqrtHz; in=4e-13 A/sqrtHz; photodiode_shot_enabled=1; photodiode_dc_current=1e-09 A; frequency_grid=[1, 1e+09] Hz; ENBW_approx=(pi/2)*bandwidth",100000,5.68937116276919e-13,5e-12,100000,100000000,2797408.33456943,9.78831747297419,3.65204473554338,3528432.32250742,1.42720465049885e-13,5542448.53153904,0.000165355466230347,8.41508736803825e-05,0.000115795845856278,8.2696352841698e-05,3.70080804613262e-06,5.71750230735344e-13,300,3e-09,4e-13,1,1e-09,first-pass MATLAB behavioural noise estimate; not measured or experimentally validated
Cf_noise_bandwidth_sweep,tia_extension/scripts/run_08_noise_bandwidth_tradeoff.m,"Rf=100000 ohm; Cpd=5e-12 F; A0=100000; ft=1e+08 Hz; Cf=logspace(log10(0.2e-12),log10(47e-12),48) F; temperature=300 K; en=3e-09 V/sqrtHz; in=4e-13 A/sqrtHz; photodiode_shot_enabled=1; photodiode_dc_current=1e-09 A; frequency_grid=[1, 1e+09] Hz; ENBW_approx=(pi/2)*bandwidth",100000,6.3901715824308e-13,5e-12,100000,100000000,2490620.80789,8.82451603294511,4.54989622628469,3016166.38986792,2.14080697574827e-13,4737783.08620675,0.00015671168049389,7.95216708642631e-05,0.000110071089764923,7.81471643102564e-05,3.49722381367244e-06,5.71750230979398e-13,300,3e-09,4e-13,1,1e-09,first-pass MATLAB behavioural noise estimate; not measured or experimentally validated
Cf_noise_bandwidth_sweep,tia_extension/scripts/run_08_noise_bandwidth_tradeoff.m,"Rf=100000 ohm; Cpd=5e-12 F; A0=100000; ft=1e+08 Hz; Cf=logspace(log10(0.2e-12),log10(47e-12),48) F; temperature=300 K; en=3e-09 V/sqrtHz; in=4e-13 A/sqrtHz; photodiode_shot_enabled=1; photodiode_dc_current=1e-09 A; frequency_grid=[1, 1e+09] Hz; ENBW_approx=(pi/2)*bandwidth",100000,7.17729458751483e-13,5e-12,100000,100000000,2217478.20367791,7.96641323417,5.66079998262496,2587933.13849632,3.04727479430833e-13,4065115.86794081,0.000148545852196558,7.51350562337371e-05,0.000104679823311283,7.38363709054923e-05,3.30430818475582e-06,5.71750231257154e-13,300,3e-09,4e-13,1,1e-09,first-pass MATLAB behavioural noise estimate; not measured or experimentally validated
Cf_noise_bandwidth_sweep,tia_extension/scripts/run_08_noise_bandwidth_tradeoff.m,"Rf=100000 ohm; Cpd=5e-12 F; A0=100000; ft=1e+08 Hz; Cf=logspace(log10(0.2e-12),log10(47e-12),48) F; temperature=300 K; en=3e-09 V/sqrtHz; in=4e-13 A/sqrtHz; photodiode_shot_enabled=1; photodiode_dc_current=1e-09 A; frequency_grid=[1, 1e+09] Hz; ENBW_approx=(pi/2)*bandwidth",100000,8.06137314647409e-13,5e-12,100000,100000000,1974290.73434601,7.20241726707182,7.03251414510319,2233311.8521109,4.2237543035033e-13,3508078.0538833,0.000140837803025412,7.09802135098852e-05,9.96083473062189e-05,6.97533433043954e-05,3.12158547837908e-06,5.71750231573713e-13,300,3e-09,4e-13,1,1e-09,first-pass MATLAB behavioural noise estimate; not measured or experimentally validated
Cf_noise_bandwidth_sweep,tia_extension/scripts/run_08_noise_bandwidth_tradeoff.m,"Rf=100000 ohm; Cpd=5e-12 F; A0=100000; ft=1e+08 Hz; Cf=logspace(log10(0.2e-12),log10(47e-12),48) F; temperature=300 K; en=3e-09 V/sqrtHz; in=4e-13 A/sqrtHz; photodiode_shot_enabled=1; photodiode_dc_current=1e-09 A; frequency_grid=[1, 1e+09] Hz; ENBW_approx=(pi/2)*bandwidth",100000,9.05434996631442e-13,5e-12,100000,100000000,1757773.26571219,6.52220757823795,8.72253113565856,1938441.99187288,5.68953205266421e-13,3044897.5605389,0.000133567694074791,6.70465033381814e-05,9.48431434214365e-05,6.58876260502674e-05,2.94858779436348e-06,5.71750231935056e-13,300,3e-09,4e-13,1,1e-09,first-pass MATLAB behavioural noise estimate; not measured or experimentally validated
Cf_noise_bandwidth_sweep,tia_extension/scripts/run_08_noise_bandwidth_tradeoff.m,"Rf=100000 ohm; Cpd=5e-12 F; A0=100000; ft=1e+08 Hz; Cf=logspace(log10(0.2e-12),log10(47e-12),48) F; temperature=300 K; en=3e-09 V/sqrtHz; in=4e-13 A/sqrtHz; photodiode_shot_enabled=1; photodiode_dc_current=1e-09 A; frequency_grid=[1, 1e+09] Hz; ENBW_approx=(pi/2)*bandwidth",100000,1.01696388224325e-12,5e-12,100000,100000000,1565000.93927452,5.91659545368596,10.7997455172676,1691047.0939138,7.52175423911531e-13,2656290.56355698,0.000126716122445886,6.3323516320635e-05,9.03709321792586e-05,6.22289896682206e-05,2.78485734561599e-06,5.71750232348215e-13,300,3e-09,4e-13,1,1e-09,first-pass MATLAB behavioural noise estimate; not measured or experimentally validated
Cf_noise_bandwidth_sweep,tia_extension/scripts/run_08_noise_bandwidth_tradeoff.m,"Rf=100000 ohm; Cpd=5e-12 F; A0=100000; ft=1e+08 Hz; Cf=logspace(log10(0.2e-12),log10(47e-12),48) F; temperature=300 K; en=3e-09 V/sqrtHz; in=4e-13 A/sqrtHz; photodiode_shot_enabled=1; photodiode_dc_current=1e-09 A; frequency_grid=[1, 1e+09] Hz; ENBW_approx=(pi/2)*bandwidth",100000,1.14223057606006e-12,5e-12,100000,100000000,1393369.66132421,5.37739989175102,13.3463133064014,1481421.32367542,9.85542670817403e-13,2327011.17366499,0.000120264194809964,5.98011144886449e-05,8.61787150867237e-05,5.87674714211866e-05,2.62994828203273e-06,5.71750232821482e-13,300,3e-09,4e-13,1,1e-09,first-pass MATLAB behavioural noise estimate; not measured or experimentally validated
Cf_noise_bandwidth_sweep,tia_extension/scripts/run_08_noise_bandwidth_tradeoff.m,"Rf=100000 ohm; Cpd=5e-12 F; A0=100000; ft=1e+08 Hz; Cf=logspace(log10(0.2e-12),log10(47e-12),48) F; temperature=300 K; en=3e-09 V/sqrtHz; in=4e-13 A/sqrtHz; photodiode_shot_enabled=1; photodiode_dc_current=1e-09 A; frequency_grid=[1, 1e+09] Hz; ENBW_approx=(pi/2)*bandwidth",100000,1.28292726188915e-12,5e-12,100000,100000000,1240560.92515748,4.89733708880529,16.4596995794065,1302171.31879587,1.27869822064956e-12,2045445.92442222,0.000114193581067701,5.64694628824612e-05,8.22538032932091e-05,5.54934063435377e-05,2.48342807930844e-06,5.71750233364672e-13,300,3e-09,4e-13,1,1e-09,first-pass MATLAB behavioural noise estimate; not measured or experimentally validated
Cf_noise_bandwidth_sweep,tia_extension/scripts/run_08_noise_bandwidth_tradeoff.m,"Rf=100000 ohm; Cpd=5e-12 F; A0=100000; ft=1e+08 Hz; Cf=logspace(log10(0.2e-12),log10(47e-12),48) F; temperature=300 K; en=3e-09 V/sqrtHz; in=4e-13 A/sqrtHz; photodiode_shot_enabled=1; photodiode_dc_current=1e-09 A; frequency_grid=[1, 1e+09] Hz; ENBW_approx=(pi/2)*bandwidth",100000,1.4409545618851e-12,5e-12,100000,100000000,1104510.49118221,4.46992204491088,20.2549047625065,1147678.18624374,1.64899996780596e-12,1802768.67929429,0.000108486550919331,5.33190527290739e-05,7.85838349952963e-05,5.23974500183533e-05,2.34487855825942e-06,5.71750233989439e-13,300,3e-09,4e-13,1,1e-09,first-pass MATLAB behavioural noise estimate; not measured or experimentally validated
Cf_noise_bandwidth_sweep,tia_extension/scripts/run_08_noise_bandwidth_tradeoff.m,"Rf=100000 ohm; Cpd=5e-12 F; A0=100000; ft=1e+08 Hz; Cf=logspace(log10(0.2e-12),log10(47e-12),48) F; temperature=300 K; en=3e-09 V/sqrtHz; in=4e-13 A/sqrtHz; photodiode_shot_enabled=1; photodiode_dc_current=1e-09 A; frequency_grid=[1, 1e+09] Hz; ENBW_approx=(pi/2)*bandwidth",100000,1.61844721138748e-12,5e-12,100000,100000000,983380.501829608,4.08938096023134,24.8668535358475,1013669.18738351,2.11380580668455e-12,1592267.83612719,0.000103125995858255,5.03407175406971e-05,7.51567836663105e-05,4.9470594397646e-05,2.21389659280665e-06,5.71750234709666e-13,300,3e-09,4e-13,1,1e-09,first-pass MATLAB behavioural noise estimate; not measured or experimentally validated
Cf_noise_bandwidth_sweep,tia_extension/scripts/run_08_noise_bandwidth_tradeoff.m,"Rf=100000 ohm; Cpd=5e-12 F; A0=100000; ft=1e+08 Hz; Cf=logspace(log10(0.2e-12),log10(47e-12),48) F; temperature=300 K; en=3e-09 V/sqrtHz; in=4e-13 A/sqrtHz; photodiode_shot_enabled=1; photodiode_dc_current=1e-09 A; frequency_grid=[1, 1e+09] Hz; ENBW_approx=(pi/2)*bandwidth",100000,1.81780289631145e-12,5e-12,100000,100000000,875534.654581313,3.75057323879593,30.4529247191006,896814.219037275,2.70204556128189e-12,1408712.48108119,9.80954388243671e-05,4.75256432952213e-05,7.1960959051743e-05,4.67041778068494e-05,2.09009455769425e-06,5.71750235541952e-13,300,3e-09,4e-13,1,1e-09,first-pass MATLAB behavioural noise estimate; not measured or experimentally validated
Cf_noise_bandwidth_sweep,tia_extension/scripts/run_08_noise_bandwidth_tradeoff.m,"Rf=100000 ohm; Cpd=5e-12 F; A0=100000; ft=1e+08 Hz; Cf=logspace(log10(0.2e-12),log10(47e-12),48) F; temperature=300 K; en=3e-09 V/sqrtHz; in=4e-13 A/sqrtHz; photodiode_shot_enabled=1; photodiode_dc_current=1e-09 A; frequency_grid=[1, 1e+09] Hz; ENBW_approx=(pi/2)*bandwidth",100000,2.04171464264531e-12,5e-12,100000,100000000,779516.097732879,3.44892204599259,37.1955969808835,794476.128942568,3.44650636546076e-12,1247960.18506921,9.33790335083739e-05,4.48653737107694e-05,6.8985002742714e-05,4.40898901282039e-05,1.97310056045526e-06,5.71750236506204e-13,300,3e-09,4e-13,1,1e-09,first-pass MATLAB behavioural noise estimate; not measured or experimentally validated
Cf_noise_bandwidth_sweep,tia_extension/scripts/run_08_noise_bandwidth_tradeoff.m,"Rf=100000 ohm; Cpd=5e-12 F; A0=100000; ft=1e+08 Hz; Cf=logspace(log10(0.2e-12),log10(47e-12),48) F; temperature=300 K; en=3e-09 V/sqrtHz; in=4e-13 A/sqrtHz; photodiode_shot_enabled=1; photodiode_dc_current=1e-09 A; frequency_grid=[1, 1e+09] Hz; ENBW_approx=(pi/2)*bandwidth",100000,2.29320719559358e-12,5e-12,100000,100000000,694027.750295364,3.18035248171537,45.3051850086145,704554.307050757,4.38383266295014e-12,1106711.31754285,8.89615550883458e-05,4.23518114902379e-05,6.6217880012044e-05,4.16197740237874e-05,1.86255849614433e-06,5.71750237626381e-13,300,3e-09,4e-13,1,1e-09,first-pass MATLAB behavioural noise estimate; not measured or experimentally validated
Cf_noise_bandwidth_sweep,tia_extension/scripts/run_08_noise_bandwidth_tradeoff.m,"Rf=100000 ohm; Cpd=5e-12 F; A0=100000; ft=1e+08 Hz; Cf=logspace(log10(0.2e-12),log10(47e-12),48) F; temperature=300 K; en=3e-09 V/sqrtHz; in=4e-13 A/sqrtHz; photodiode_shot_enabled=1; photodiode_dc_current=1e-09 A; frequency_grid=[1, 1e+09] Hz; ENBW_approx=(pi/2)*bandwidth",100000,2.57567787979847e-12,5e-12,100000,100000000,617914.780183413,2.94123653396876,55.0226451476177,625324.597391383,5.56609813694379e-12,982257.580636881,8.48283840050222e-05,3.99772162889526e-05,6.36488694637662e-05,3.92862229382986e-05,1.7581279579588e-06,5.71750238931402e-13,300,3e-09,4e-13,1,1e-09,first-pass MATLAB behavioural noise estimate; not measured or experimentally validated
Cf_noise_bandwidth_sweep,tia_extension/scripts/run_08_noise_bandwidth_tradeoff.m,"Rf=100000 ohm; Cpd=5e-12 F; A0=100000; ft=1e+08 Hz; Cf=logspace(log10(0.2e-12),log10(47e-12),48) F; temperature=300 K; en=3e-09 V/sqrtHz; in=4e-13 A/sqrtHz; photodiode_shot_enabled=1; photodiode_dc_current=1e-09 A; frequency_grid=[1, 1e+09] Hz; ENBW_approx=(pi/2)*bandwidth",100000,2.89294249260628e-12,5e-12,100000,100000000,550149.003993892,2.72834406932695,66.6224394804548,555371.050604149,7.05694840023409e-12,872374.806297219,8.0965484241644e-05,3.77342000491669e-05,6.1267551898874e-05,3.70819765141973e-05,1.65948403205812e-06,5.71750240456294e-13,300,3e-09,4e-13,1,1e-09,first-pass MATLAB behavioural noise estimate; not measured or experimentally validated
Cf_noise_bandwidth_sweep,tia_extension/scripts/run_08_noise_bandwidth_tradeoff.m,"Rf=100000 ohm; Cpd=5e-12 F; A0=100000; ft=1e+08 Hz; Cf=logspace(log10(0.2e-12),log10(47e-12),48) F; temperature=300 K; en=3e-09 V/sqrtHz; in=4e-13 A/sqrtHz; photodiode_shot_enabled=1; photodiode_dc_current=1e-09 A; frequency_grid=[1, 1e+09] Hz; ENBW_approx=(pi/2)*bandwidth",100000,3.24928685033468e-12,5e-12,100000,100000000,489814.997637104,2.53879919819483,80.4154633865926,493493.674134703,8.93931561494437e-12,775178.05062731,7.73593774634994e-05,3.56157202485238e-05,5.90637996303914e-05,3.5000113956865e-05,1.56631700064301e-06,5.71750242243602e-13,300,3e-09,4e-13,1,1e-09,first-pass MATLAB behavioural noise estimate; not measured or experimentally validated
Cf_noise_bandwidth_sweep,tia_extension/scripts/run_08_noise_bandwidth_tradeoff.m,"Rf=100000 ohm; Cpd=5e-12 F; A0=100000; ft=1e+08 Hz; Cf=logspace(log10(0.2e-12),log10(47e-12),48) F; temperature=300 K; en=3e-09 V/sqrtHz; in=4e-13 A/sqrtHz; photodiode_shot_enabled=1; photodiode_dc_current=1e-09 A; frequency_grid=[1, 1e+09] Hz; ENBW_approx=(pi/2)*bandwidth",100000,3.64952468386128e-12,5e-12,100000,100000000,436097.73019402,2.37004142542472,96.7520635961761,438689.042298703,1.13096325277296e-11,689091.136247973,7.39971142863141e-05,3.36150715249583e-05,5.70277672844647e-05,3.30340458042674e-05,1.47833197363333e-06,5.71750244345154e-13,300,3e-09,4e-13,1,1e-09,first-pass MATLAB behavioural noise estimate; not measured or experimentally validated
Cf_noise_bandwidth_sweep,tia_extension/scripts/run_08_noise_bandwidth_tradeoff.m,"Rf=100000 ohm; Cpd=5e-12 F; A0=100000; ft=1e+08 Hz; Cf=logspace(log10(0.2e-12),log10(47e-12),48) F; temperature=300 K; en=3e-09 V/sqrtHz; in=4e-13 A/sqrtHz; photodiode_shot_enabled=1; photodiode_dc_current=1e-09 A; frequency_grid=[1, 1e+09] Hz; ENBW_approx=(pi/2)*bandwidth",100000,4.09906266562489e-12,5e-12,100000,100000000,388271.553949597,2.21979106148595,116.025200572805,390097.690702642,1.43048336388397e-11,612764.019646881,7.08662438735308e-05,3.17258760668427e-05,5.51498848997159e-05,3.11775044832034e-05,1.39524846604354e-06,5.71750246824266e-13,300,3e-09,4e-13,1,1e-09,first-pass MATLAB behavioural noise estimate; not measured or experimentally validated
Cf_noise_bandwidth_sweep,tia_extension/scripts/run_08_noise_bandwidth_tradeoff.m,"Rf=100000 ohm; Cpd=5e-12 F; A0=100000; ft=1e+08 Hz; Cf=logspace(log10(0.2e-12),log10(47e-12),48) F; temperature=300 K; en=3e-09 V/sqrtHz; in=4e-13 A/sqrtHz; photodiode_shot_enabled=1; photodiode_dc_current=1e-09 A; frequency_grid=[1, 1e+09] Hz; ENBW_approx=(pi/2)*bandwidth",100000,4.60397344646608e-12,5e-12,100000,100000000,345690.401872451,2.086018426939,138.673838830507,346977.759905237,1.80830686527884e-11,545031.390738667,6.79547830013215e-05,2.99420730934488e-05,5.34208538878593e-05,2.94245339715944e-05,1.31679993535182e-06,5.71750249758486e-13,300,3e-09,4e-13,1,1e-09,first-pass MATLAB behavioural noise estimate; not measured or experimentally validated
Cf_noise_bandwidth_sweep,tia_extension/scripts/run_08_noise_bandwidth_tradeoff.m,"Rf=100000 ohm; Cpd=5e-12 F; A0=100000; ft=1e+08 Hz; Cf=logspace(log10(0.2e-12),log10(47e-12),48) F; temperature=300 K; en=3e-09 V/sqrtHz; in=4e-13 A/sqrtHz; photodiode_shot_enabled=1; photodiode_dc_current=1e-09 A; frequency_grid=[1, 1e+09] Hz; ENBW_approx=(pi/2)*bandwidth",100000,5.17107768893633e-12,5e-12,100000,100000000,307779.060122055,1.96691643420822,165.186678967824,308686.870888107,2.28468463375504e-11,484884.202920849,6.52511856667425e-05,2.82579076959496e-05,5.18316461528071e-05,2.77694788323648e-05,1.24273329074684e-06,5.71750253243033e-13,300,3e-09,4e-13,1,1e-09,first-pass MATLAB behavioural noise estimate; not measured or experimentally validated
Cf_noise_bandwidth_sweep,tia_extension/scripts/run_08_noise_bandwidth_tradeoff.m,"Rf=100000 ohm; Cpd=5e-12 F; A0=100000; ft=1e+08 Hz; Cf=logspace(log10(0.2e-12),log10(47e-12),48) F; temperature=300 K; en=3e-09 V/sqrtHz; in=4e-13 A/sqrtHz; photodiode_shot_enabled=1; photodiode_dc_current=1e-09 A; frequency_grid=[1, 1e+09] Hz; ENBW_approx=(pi/2)*bandwidth",100000,5.80803620523493e-12,5e-12,100000,100000000,274025.397686821,1.86087617626994,196.10637297452,274665.734059864,2.88623210738919e-11,431443.926157658,6.27443142384699e-05,2.66679192622067e-05,5.03735063959907e-05,2.62069728383043e-05,1.17280838407026e-06,5.71750257395098e-13,300,3e-09,4e-13,1,1e-09,first-pass MATLAB behavioural noise estimate; not measured or experimentally validated
Cf_noise_bandwidth_sweep,tia_extension/scripts/run_08_noise_bandwidth_tradeoff.m,"Rf=100000 ohm; Cpd=5e-12 F; A0=100000; ft=1e+08 Hz; Cf=logspace(log10(0.2e-12),log10(47e-12),48) F; temperature=300 K; en=3e-09 V/sqrtHz; in=4e-13 A/sqrtHz; photodiode_shot_enabled=1; photodiode_dc_current=1e-09 A; frequency_grid=[1, 1e+09] Hz; ENBW_approx=(pi/2)*bandwidth",100000,6.52345344443247e-12,5e-12,100000,100000000,243973.448185989,1.76646519249207,232.034387138438,244425.235364095,3.64438636159054e-11,383942.261885898,6.04234130516118e-05,2.51669296685417e-05,4.90379573784053e-05,2.47319273679401e-05,1.10679749051144e-06,5.71750262359226e-13,300,3e-09,4e-13,1,1e-09,first-pass MATLAB behavioural noise estimate; not measured or experimentally validated
Cf_noise_bandwidth_sweep,tia_extension/scripts/run_08_noise_bandwidth_tradeoff.m,"Rf=100000 ohm; Cpd=5e-12 F; A0=100000; ft=1e+08 Hz; Cf=logspace(log10(0.2e-12),log10(47e-12),48) F; temperature=300 K; en=3e-09 V/sqrtHz; in=4e-13 A/sqrtHz; photodiode_shot_enabled=1; photodiode_dc_current=1e-09 A; frequency_grid=[1, 1e+09] Hz; ENBW_approx=(pi/2)*bandwidth",100000,7.32699372695396e-12,5e-12,100000,100000000,217217.250379796,1.68240811802614,273.636692772299,217536.094073974,4.60099920840686e-11,341704.897516708,5.82780852208829e-05,2.37500313876708e-05,4.78168076821858e-05,2.33395197190221e-05,1.0444847856153e-06,5.71750268314066e-13,300,3e-09,4e-13,1,1e-09,first-pass MATLAB behavioural noise estimate; not measured or experimentally validated
Cf_noise_bandwidth_sweep,tia_extension/scripts/run_08_noise_bandwidth_tradeoff.m,"Rf=100000 ohm; Cpd=5e-12 F; A0=100000; ft=1e+08 Hz; Cf=logspace(log10(0.2e-12),log10(47e-12),48) F; temperature=300 K; en=3e-09 V/sqrtHz; in=4e-13 A/sqrtHz; photodiode_shot_enabled=1; photodiode_dc_current=1e-09 A; frequency_grid=[1, 1e+09] Hz; ENBW_approx=(pi/2)*bandwidth",100000,8.22951179649193e-12,5e-12,100000,100000000,193395.364181554,1.60756945535109,321.650473221303,193620.453747647,5.80814433103103e-11,304138.297539165,5.62982732861333e-05,2.24125756332232e-05,4.67021613323488e-05,2.20251814579597e-05,9.85665823898923e-07,5.71750275480832e-13,300,3e-09,4e-13,1,1e-09,first-pass MATLAB behavioural noise estimate; not measured or experimentally validated
Cf_noise_bandwidth_sweep,tia_extension/scripts/run_08_noise_bandwidth_tradeoff.m,"Rf=100000 ohm; Cpd=5e-12 F; A0=100000; ft=1e+08 Hz; Cf=logspace(log10(0.2e-12),log10(47e-12),48) F; temperature=300 K; en=3e-09 V/sqrtHz; in=4e-13 A/sqrtHz; photodiode_shot_enabled=1; photodiode_dc_current=1e-09 A; frequency_grid=[1, 1e+09] Hz; ENBW_approx=(pi/2)*bandwidth",100000,9.24319945292962e-12,5e-12,100000,100000000,172185.988090359,1.54093823523577,376.892036721327,172344.632850357,7.33062453521384e-11,270718.316224157,5.44742441114807e-05,2.11501606370236e-05,4.56864285151292e-05,2.07845868997274e-05,9.30147023307037e-07,5.71750284133929e-13,300,3e-09,4e-13,1,1e-09,first-pass MATLAB behavioural noise estimate; not measured or experimentally validated
Cf_noise_bandwidth_sweep,tia_extension/scripts/run_08_noise_bandwidth_tradeoff.m,"Rf=100000 ohm; Cpd=5e-12 F; A0=100000; ft=1e+08 Hz; Cf=logspace(log10(0.2e-12),log10(47e-12),48) F; temperature=300 K; en=3e-09 V/sqrtHz; in=4e-13 A/sqrtHz; photodiode_shot_enabled=1; photodiode_dc_current=1e-09 A; frequency_grid=[1, 1e+09] Hz; ENBW_approx=(pi/2)*bandwidth",100000,1.03817502470874e-11,5e-12,100000,100000000,153302.61208754,1.48161435991034,440.266120390833,153414.317719591,9.25137198307635e-11,240982.646751679,5.27965782399218e-05,1.99586201349789e-05,4.47623365700769e-05,1.96136417927697e-05,8.77745158841453e-07,5.71750294614281e-13,300,3e-09,4e-13,1,1e-09,first-pass MATLAB behavioural noise estimate; not measured or experimentally validated
Cf_noise_bandwidth_sweep,tia_extension/scripts/run_08_noise_bandwidth_tradeoff.m,"Rf=100000 ohm; Cpd=5e-12 F; A0=100000; ft=1e+08 Hz; Cf=logspace(log10(0.2e-12),log10(47e-12),48) F; temperature=300 K; en=3e-09 V/sqrtHz; in=4e-13 A/sqrtHz; photodiode_shot_enabled=1; photodiode_dc_current=1e-09 A; frequency_grid=[1, 1e+09] Hz; ENBW_approx=(pi/2)*bandwidth",100000,1.1660544462095e-11,5e-12,100000,100000000,136490.147273363,1.42879644396139,512.776763601253,136568.763130276,1.16739554445223e-10,214521.711479959,5.12561636700561e-05,1.88340121204076e-05,4.39229404393212e-05,1.85084722667251e-05,8.28286867952183e-07,5.7175030734609e-13,300,3e-09,4e-13,1,1e-09,first-pass MATLAB behavioural noise estimate; not measured or experimentally validated
Cf_noise_bandwidth_sweep,tia_extension/scripts/run_08_noise_bandwidth_tradeoff.m,"Rf=100000 ohm; Cpd=5e-12 F; A0=100000; ft=1e+08 Hz; Cf=logspace(log10(0.2e-12),log10(47e-12),48) F; temperature=300 K; en=3e-09 V/sqrtHz; in=4e-13 A/sqrtHz; photodiode_shot_enabled=1; photodiode_dc_current=1e-09 A; frequency_grid=[1, 1e+09] Hz; ENBW_approx=(pi/2)*bandwidth",100000,1.30968568802396e-11,5e-12,100000,100000000,121521.479960605,1.3817709886976,595.539922268296,121576.772168951,1.47310663789431e-10,190972.347146569,4.98441937853337e-05,1.77726079094858e-05,4.31616318232846e-05,1.74654140868726e-05,7.8160816965491e-07,5.71750322857885e-13,300,3e-09,4e-13,1,1e-09,first-pass MATLAB behavioural noise estimate; not measured or experimentally validated
Cf_noise_bandwidth_sweep,tia_extension/scripts/run_08_noise_bandwidth_tradeoff.m,"Rf=100000 ohm; Cpd=5e-12 F; A0=100000; ft=1e+08 Hz; Cf=logspace(log10(0.2e-12),log10(47e-12),48) F; temperature=300 K; en=3e-09 V/sqrtHz; in=4e-13 A/sqrtHz; photodiode_shot_enabled=1; photodiode_dc_current=1e-09 A; frequency_grid=[1, 1e+09] Hz; ENBW_approx=(pi/2)*bandwidth",100000,1.47100901419368e-11,5e-12,100000,100000000,108194.403675449,1.33990274374632,689.797992268338,108233.259154626,1.85868333211358e-10,170012.405917127,4.85521689462415e-05,1.67708815517498e-05,4.24721464064704e-05,1.64810022476706e-05,7.37553998823447e-07,5.71750341808993e-13,300,3e-09,4e-13,1,1e-09,first-pass MATLAB behavioural noise estimate; not measured or experimentally validated
Cf_noise_bandwidth_sweep,tia_extension/scripts/run_08_noise_bandwidth_tradeoff.m,"Rf=100000 ohm; Cpd=5e-12 F; A0=100000; ft=1e+08 Hz; Cf=logspace(log10(0.2e-12),log10(47e-12),48) F; temperature=300 K; en=3e-09 V/sqrtHz; in=4e-13 A/sqrtHz; photodiode_shot_enabled=1; photodiode_dc_current=1e-09 A; frequency_grid=[1, 1e+09] Hz; ENBW_approx=(pi/2)*bandwidth",100000,1.65220368491915e-11,5e-12,100000,100000000,96328.8876211915,1.30262612567921,796.936412751517,96356.1628322609,2.34514796587928e-10,151355.906640966,4.73719010694152e-05,1.58254996089066e-05,4.18485686649826e-05,1.55519609282368e-05,6.9597775667971e-07,5.71750365022832e-13,300,3e-09,4e-13,1,1e-09,first-pass MATLAB behavioural noise estimate; not measured or experimentally validated
Cf_noise_bandwidth_sweep,tia_extension/scripts/run_08_noise_bandwidth_tradeoff.m,"Rf=100000 ohm; Cpd=5e-12 F; A0=100000; ft=1e+08 Hz; Cf=logspace(log10(0.2e-12),log10(47e-12),48) F; temperature=300 K; en=3e-09 V/sqrtHz; in=4e-13 A/sqrtHz; photodiode_shot_enabled=1; photodiode_dc_current=1e-09 A; frequency_grid=[1, 1e+09] Hz; ENBW_approx=(pi/2)*bandwidth",100000,1.85571739542107e-11,5e-12,100000,100000000,85764.6447053875,1.26943757774418,918.502530380972,85783.7640912659,2.95884596557505e-10,134748.8215332,4.62955203797454e-05,1.49333113172516e-05,4.12853339329696e-05,1.46751938248057e-05,6.56740878154085e-07,5.71750393528798e-13,300,3e-09,4e-13,1,1e-09,first-pass MATLAB behavioural noise estimate; not measured or experimentally validated
Cf_noise_bandwidth_sweep,tia_extension/scripts/run_08_noise_bandwidth_tradeoff.m,"Rf=100000 ohm; Cpd=5e-12 F; A0=100000; ft=1e+08 Hz; Cf=logspace(log10(0.2e-12),log10(47e-12),48) F; temperature=300 K; en=3e-09 V/sqrtHz; in=4e-13 A/sqrtHz; photodiode_shot_enabled=1; photodiode_dc_current=1e-09 A; frequency_grid=[1, 1e+09] Hz; ENBW_approx=(pi/2)*bandwidth",100000,2.08429934099613e-11,5e-12,100000,100000000,76358.9662777669,1.23988876749394,1056.22692441844,76372.3442832195,3.73300805569421e-10,119965.397868796,4.53154834425853e-05,1.40913391425049e-05,4.07772275726218e-05,1.3847774868822e-05,6.19712416503679e-07,5.7175042861498e-13,300,3e-09,4e-13,1,1e-09,first-pass MATLAB behavioural noise estimate; not measured or experimentally validated
Cf_noise_bandwidth_sweep,tia_extension/scripts/run_08_noise_bandwidth_tradeoff.m,"Rf=100000 ohm; Cpd=5e-12 F; A0=100000; ft=1e+08 Hz; Cf=logspace(log10(0.2e-12),log10(47e-12),48) F; temperature=300 K; en=3e-09 V/sqrtHz; in=4e-13 A/sqrtHz; photodiode_shot_enabled=1; photodiode_dc_current=1e-09 A; frequency_grid=[1, 1e+09] Hz; ENBW_approx=(pi/2)*bandwidth",100000,2.3410373549315e-11,5e-12,100000,100000000,67984.7943291587,1.2135805304203,1212.04742028697,67994.1330439215,4.70967891377191e-10,106804.934428995,4.44245815675669e-05,1.32967697306179e-05,4.03193812483919e-05,1.30669393341584e-05,5.84768645344617e-07,5.71750471894517e-13,300,3e-09,4e-13,1,1e-09,first-pass MATLAB behavioural noise estimate; not measured or experimentally validated
Cf_noise_bandwidth_sweep,tia_extension/scripts/run_08_noise_bandwidth_tradeoff.m,"Rf=100000 ohm; Cpd=5e-12 F; A0=100000; ft=1e+08 Hz; Cf=logspace(log10(0.2e-12),log10(47e-12),48) F; temperature=300 K; en=3e-09 V/sqrtHz; in=4e-13 A/sqrtHz; photodiode_shot_enabled=1; photodiode_dc_current=1e-09 A; frequency_grid=[1, 1e+09] Hz; ENBW_approx=(pi/2)*bandwidth",100000,2.62939962096109e-11,5e-12,100000,100000000,60529.0051094332,1.19015747778089,1388.13605540088,60535.504207064,5.94170368496485e-10,95088.9476491331,4.36159487212126e-05,1.25469452538712e-05,3.99072664407855e-05,1.23300753327946e-05,5.51792678068616e-07,5.71750525389154e-13,300,3e-09,4e-13,1,1e-09,first-pass MATLAB behavioural noise estimate; not measured or experimentally validated
Cf_noise_bandwidth_sweep,tia_extension/scripts/run_08_noise_bandwidth_tradeoff.m,"Rf=100000 ohm; Cpd=5e-12 F; A0=100000; ft=1e+08 Hz; Cf=logspace(log10(0.2e-12),log10(47e-12),48) F; temperature=300 K; en=3e-09 V/sqrtHz; in=4e-13 A/sqrtHz; photodiode_shot_enabled=1; photodiode_dc_current=1e-09 A; frequency_grid=[1, 1e+09] Hz; ENBW_approx=(pi/2)*bandwidth",100000,2.95328152374254e-11,5e-12,100000,100000000,53890.8809784604,1.16930319577741,1586.92930498724,53895.3858011021,7.49596812233655e-10,84658.674047565,4.28830681843835e-05,1.18393551482237e-05,3.95366854421886e-05,1.1634715694983e-05,5.20674104466037e-07,5.71750591634467e-13,300,3e-09,4e-13,1,1e-09,first-pass MATLAB behavioural noise estimate; not measured or experimentally validated
Cf_noise_bandwidth_sweep,tia_extension/scripts/run_08_noise_bandwidth_tradeoff.m,"Rf=100000 ohm; Cpd=5e-12 F; A0=100000; ft=1e+08 Hz; Cf=logspace(log10(0.2e-12),log10(47e-12),48) F; temperature=300 K; en=3e-09 V/sqrtHz; in=4e-13 A/sqrtHz; photodiode_shot_enabled=1; photodiode_dc_current=1e-09 A; frequency_grid=[1, 1e+09] Hz; ENBW_approx=(pi/2)*bandwidth",100000,3.31705827024158e-11,5e-12,100000,100000000,47980.7498468528,1.1507359712326,1811.16192659868,47983.8558621106,9.45671587333867e-10,75372.8645336592,4.22197773299658e-05,1.11716282352193e-05,3.92037601542213e-05,1.0978530227326e-05,4.91308644261172e-07,5.71750673812405e-13,300,3e-09,4e-13,1,1e-09,first-pass MATLAB behavioural noise estimate; not measured or experimentally validated
Cf_noise_bandwidth_sweep,tia_extension/scripts/run_08_noise_bandwidth_tradeoff.m,"Rf=100000 ohm; Cpd=5e-12 F; A0=100000; ft=1e+08 Hz; Cf=logspace(log10(0.2e-12),log10(47e-12),48) F; temperature=300 K; en=3e-09 V/sqrtHz; in=4e-13 A/sqrtHz; photodiode_shot_enabled=1; photodiode_dc_current=1e-09 A; frequency_grid=[1, 1e+09] Hz; ENBW_approx=(pi/2)*bandwidth",100000,3.72564399286754e-11,5e-12,100000,100000000,42718.7738271787,1.13420498602583,2063.90483944091,42720.9003103526,1.1930254397842e-09,67105.8332848728,4.1620270060736e-05,1.05415252197149e-05,3.89049190535267e-05,1.03593183401782e-05,4.63597817175432e-07,5.71750775918274e-13,300,3e-09,4e-13,1,1e-09,first-pass MATLAB behavioural noise estimate; not measured or experimentally validated
Cf_noise_bandwidth_sweep,tia_extension/scripts/run_08_noise_bandwidth_tradeoff.m,"Rf=100000 ohm; Cpd=5e-12 F; A0=100000; ft=1e+08 Hz; Cf=logspace(log10(0.2e-12),log10(47e-12),48) F; temperature=300 K; en=3e-09 V/sqrtHz; in=4e-13 A/sqrtHz; photodiode_shot_enabled=1; photodiode_dc_current=1e-09 A; frequency_grid=[1, 1e+09] Hz; ENBW_approx=(pi/2)*bandwidth",100000,4.18455813276354e-11,5e-12,100000,100000000,38033.8707319588,1.11948692887911,2348.60751819087,38035.3127391188,1.50506830732785e-09,59745.7295391029,4.10790966212363e-05,9.94693155313341e-06,3.86368827135597e-05,9.77500203425579e-06,4.37448629065728e-07,5.71750902971131e-13,300,3e-09,4e-13,1,1e-09,first-pass MATLAB behavioural noise estimate; not measured or experimentally validated
Cf_noise_bandwidth_sweep,tia_extension/scripts/run_08_noise_bandwidth_tradeoff.m,"Rf=100000 ohm; Cpd=5e-12 F; A0=100000; ft=1e+08 Hz; Cf=logspace(log10(0.2e-12),log10(47e-12),48) F; temperature=300 K; en=3e-09 V/sqrtHz; in=4e-13 A/sqrtHz; photodiode_shot_enabled=1; photodiode_dc_current=1e-09 A; frequency_grid=[1, 1e+09] Hz; ENBW_approx=(pi/2)*bandwidth",100000,4.70000000000001e-11,5e-12,100000,100000000,33862.7538493394,1.1063829787234,2669.14545068456,33863.7188758633,1.89872220833723e-09,53193.0052218211,4.05911606662598e-05,9.38585065080345e-06,3.83966482680887e-05,9.22361923521262e-06,4.12773273634948e-07,5.7175106127892e-13,300,3e-09,4e-13,1,1e-09,first-pass MATLAB behavioural noise estimate; not measured or experimentally validated
